Workbook

Sheet 說明
A1: Lab 2 BJT 實驗 數據記錄簿
A2: 電子學實作系列第 6 週．App_Lab2.pdf．兩個部分三張記錄表．當天用筆電直接填
A4: 怎麼用
A5: 1 | B5: 每個實驗一張工作表，只要填**黃底**的格子，其他欄位都是公式或預報值，不要覆蓋。
A6: 2 | B6: 填一列，右邊的計算欄與下面的圖就會跟著更新；不必等全部填完才看得到對照。
A7: 3 | B7: 藍色字是寫死的輸入：講義規格或 LTspice 模擬結果。黑色字是公式。
A8: 4 | B8: 實驗一要量四組 VBB × 31 個 VCC；時間不夠時先把 2.2 V 與 2.4 V 兩組量完，
B9: 這兩組才看得出主動區的平坦段，1.5 V 那組全程截止、量五點確認就好。
A10: 5 | B10: I_C 一律由集極電阻的壓降換算（I_C = V_RC / R_C），電流表只在實驗二串一次；
B11: 兩種方法的差異就是誤差來源，結報要寫。
A12: 6 | B12: 離開實驗室前跑一次每張工作表下方的「當天拍照檢查表」。
A14: 填寫範例（實驗一，VBB = 2.4 V）
A15: V_CC (V) | B15: 實測 V_CE (V) | C15: 實測 V_RC (V) | D15: → I_C (mA) | E15: LTspice I_C (mA) | F15: → 差異 (%)
A16: 10 | B16: 2.33 | C16: 7.67 | D16: 7.67 | E16: 4.651 | F16: 0.58
A17: ↑ 這一列只是示範格式（Tinkercad 在 VBB 2.4 V／VCC 10 V 讀到 2.33 V 與 7.67 mA 就這樣填），正式表裡沒有這一列。
A19: 資料來源
A20: 預報欄由 simulations/lab2/*.raw（LTspice，內建 2N2222 模型）以 build_record_xlsx.py 產生；量測級距出自助教的「Lab 2 實驗量測項目」投影片。

Sheet 實驗一 特性曲線
A1: 實驗一：BJT 偏壓與輸出特性曲線（BJT Biasing & Characteristic Curve）
A2: 講義第 7–8 頁 Table 1：四組 V_BB，各自把 V_CC 從 0 掃到 15 V，記 V_CE 與 I_C
A4: 集極電阻 R_C (Ω) | B4: 1000 | C4: ← 講義指定 1 kΩ；改這一格，所有 I_C 計算欄會跟著變 | E4: 各組的預報值（實測 V_BE 與 ON/OFF 填在下面各組的標題列，比照講義 Table 1）
E5: V_BB (V) | F5: LTspice V_BE (V) | G5: LTspice I_C @ 15 V (mA) | H5: ON/OFF（預期）
E6: 1.5 | F6: 0.48 | G6: 0.001 | H6: OFF
E7: 2 | F7: 0.633 | G7: 0.477 | H7: ON
E8: 2.2 | F8: 0.673 | G8: 2.147 | H8: ON
E9: 2.4 | F9: 0.695 | G9: 4.862 | H9: ON
B10: ↓ 各組標題列右邊兩個黃格：左邊填該組量到的 V_BE、右邊填 ON 或 OFF（對應講義 Table 1 的區塊標題）
B11: V_BB = 1.5 V V_BE = | G11: V_BB = 2.0 V V_BE = | L11: V_BB = 2.2 V V_BE = | Q11: V_BB = 2.4 V V_BE =
A12: V_CC (V) | B12: 實測 V_CE (V) | C12: 實測 V_RC (V) | D12: I_C = V_RC/R_C (mA) | E12: LTspice V_CE (V) | F12: LTspice I_C (mA) | G12: 實測 V_CE (V) | H12: 實測 V_RC (V) | I12: I_C = V_RC/R_C (mA) | J12: LTspice V_CE (V) | K12: LTspice I_C (mA) | L12: 實測 V_CE (V) | M12: 實測 V_RC (V) | N12: I_C = V_RC/R_C (mA) | O12: LTspice V_CE (V) | P12: LTspice I_C (mA) | Q12: 實測 V_CE (V) | R12: 實測 V_RC (V) | S12: I_C = V_RC/R_C (mA) | T12: LTspice V_CE (V) | U12: LTspice I_C (mA)
A13: 0 | D13: =IF(C13="","",C13/$B$4*1000) | E13: 0.0003 | F13: -0.0003 | I13: =IF(H13="","",H13/$B$4*1000) | J13: 0.0054 | K13: -0.0054 | N13: =IF(M13="","",M13/$B$4*1000) | O13: 0.0062 | P13: -0.0062 | S13: =IF(R13="","",R13/$B$4*1000) | T13: 0.0066 | U13: -0.0066
A14: 0.5 | D14: =IF(C14="","",C14/$B$4*1000) | E14: 0.4989 | F14: 0.0011 | I14: =IF(H14="","",H14/$B$4*1000) | J14: 0.1259 | K14: 0.3741 | N14: =IF(M14="","",M14/$B$4*1000) | O14: 0.0589 | P14: 0.4411 | S14: =IF(R14="","",R14/$B$4*1000) | T14: 0.0447 | U14: 0.4553
A15: 1 | D15: =IF(C15="","",C15/$B$4*1000) | E15: 0.9989 | F15: 0.0011 | I15: =IF(H15="","",H15/$B$4*1000) | J15: 0.5814 | K15: 0.4186 | N15: =IF(M15="","",M15/$B$4*1000) | O15: 0.0889 | P15: 0.9111 | S15: =IF(R15="","",R15/$B$4*1000) | T15: 0.065 | U15: 0.935
A16: 1.5 | D16: =IF(C16="","",C16/$B$4*1000) | E16: 1.4989 | F16: 0.0011 | I16: =IF(H16="","",H16/$B$4*1000) | J16: 1.0793 | K16: 0.4207 | N16: =IF(M16="","",M16/$B$4*1000) | O16: 0.1179 | P16: 1.3821 | S16: =IF(R16="","",R16/$B$4*1000) | T16: 0.08 | U16: 1.42
A17: 2 | D17: =IF(C17="","",C17/$B$4*1000) | E17: 1.9989 | F17: 0.0011 | I17: =IF(H17="","",H17/$B$4*1000) | J17: 1.5772 | K17: 0.4228 | N17: =IF(M17="","",M17/$B$4*1000) | O17: 0.1748 | P17: 1.8252 | S17: =IF(R17="","",R17/$B$4*1000) | T17: 0.0928 | U17: 1.9072
A18: 2.5 | D18: =IF(C18="","",C18/$B$4*1000) | E18: 2.4988 | F18: 0.0012 | I18: =IF(H18="","",H18/$B$4*1000) | J18: 2.0751 | K18: 0.4249 | N18: =IF(M18="","",M18/$B$4*1000) | O18: 0.5859 | P18: 1.9141 | S18: =IF(R18="","",R18/$B$4*1000) | T18: 0.1049 | U18: 2.3951
A19: 3 | D19: =IF(C19="","",C19/$B$4*1000) | E19: 2.9988 | F19: 0.0012 | I19: =IF(H19="","",H19/$B$4*1000) | J19: 2.5731 | K19: 0.4269 | N19: =IF(M19="","",M19/$B$4*1000) | O19: 1.0766 | P19: 1.9234 | S19: =IF(R19="","",R19/$B$4*1000) | T19: 0.1175 | U19: 2.8825
A20: 3.5 | D20: =IF(C20="","",C20/$B$4*1000) | E20: 3.4988 | F20: 0.0012 | I20: =IF(H20="","",H20/$B$4*1000) | J20: 3.071 | K20: 0.429 | N20: =IF(M20="","",M20/$B$4*1000) | O20: 1.5672 | P20: 1.9328 | S20: =IF(R20="","",R20/$B$4*1000) | T20: 0.1319 | U20: 3.3681
A21: 4 | D21: =IF(C21="","",C21/$B$4*1000) | E21: 3.9988 | F21: 0.0012 | I21: =IF(H21="","",H21/$B$4*1000) | J21: 3.5689 | K21: 0.4311 | N21: =IF(M21="","",M21/$B$4*1000) | O21: 2.0579 | P21: 1.9421 | S21: =IF(R21="","",R21/$B$4*1000) | T21: 0.1516 | U21: 3.8484
A22: 4.5 | D22: =IF(C22="","",C22/$B$4*1000) | E22: 4.4988 | F22: 0.0012 | I22: =IF(H22="","",H22/$B$4*1000) | J22: 4.0668 | K22: 0.4332 | N22: =IF(M22="","",M22/$B$4*1000) | O22: 2.5486 | P22: 1.9514 | S22: =IF(R22="","",R22/$B$4*1000) | T22: 0.1955 | U22: 4.3045
A23: 5 | D23: =IF(C23="","",C23/$B$4*1000) | E23: 4.9988 | F23: 0.0012 | I23: =IF(H23="","",H23/$B$4*1000) | J23: 4.5647 | K23: 0.4353 | N23: =IF(M23="","",M23/$B$4*1000) | O23: 3.0392 | P23: 1.9608 | S23: =IF(R23="","",R23/$B$4*1000) | T23: 0.5596 | U23: 4.4404
A24: 5.5 | D24: =IF(C24="","",C24/$B$4*1000) | E24: 5.4988 | F24: 0.0012 | I24: =IF(H24="","",H24/$B$4*1000) | J24: 5.0627 | K24: 0.4373 | N24: =IF(M24="","",M24/$B$4*1000) | O24: 3.5299 | P24: 1.9701 | S24: =IF(R24="","",R24/$B$4*1000) | T24: 1.0385 | U24: 4.4615
... A43: 15 | D43: =IF(C43="","",C43/$B$4*1000) | E43: 14.9987 | F43: 0.0013 | I43: =IF(H43="","",H43/$B$4*1000) | J43: 14.5232 | K43: 0.4768 | N43: =IF(M43="","",M43/$B$4*1000) | O43: 12.8527 | P43: 2.1473 | S43: =IF(R43="","",R43/$B$4*1000) | T43: 10.1379 | U43: 4.8621
A45: V_RC 是集極電阻兩端的壓降（量 V_CC 對集極），I_C 由它換算；V_CE 是集極對射極（本電路射極接地，等於集極對地）。兩欄都量，結報才有互相驗證的資料。
A47: 當天拍照檢查表（離開實驗室前逐項打勾）
A48: 要留的證據 | B48: 打勾 | C48: 備註
A49: 麵包板全景照 1 張 | C49: 看得出 R1／R2／RC 各插在第幾欄、電晶體三腳的 E／B／C 方向
A50: 電表接線特寫 1 張 | C50: 左表跨 B-E、中表跨 C-E、右表串在 VCC 與 RC 之間
A51: 兩台電源面板各 1 張 | C51: V_BB 與 V_CC 的設定值要和記錄表對得上
A52: 四組 V_BB 的 V_BE 都記到 | C52: 導通後 V_BE 幾乎不動，沒記到就無法回答「ON/OFF 怎麼判定」
A53: 特性曲線當場畫一次 | C53: 四條線要看得出平坦的主動區；不平坦代表還沒離開飽和區

Sheet 交報告用 Table 1
A1: Table 1（交報告用版面）
A2: 欄位與版面照 App_Lab2.pdf 第 8 頁；數值自動從「實驗一 特性曲線」工作表抓，不要直接在這裡填
A5: ="V_BB = 1.5 V 、 V_BE = "&IF('實驗一 特性曲線'!E$11="","____",TEXT('實驗一 特性曲線'!E$11,"0.000"))&" V 、 "&IF('實驗一 特性曲線'!F$11="","ON/OFF",'實驗一 特性曲線'!F$11) | D5: ="V_BB = 2.0 V 、 V_BE = "&IF('實驗一 特性曲線'!J$11="","____",TEXT('實驗一 特性曲線'!J$11,"0.000"))&" V 、 "&IF('實驗一 特性曲線'!K$11="","ON/OFF",'實驗一 特性曲線'!K$11) | H5: 取樣的 V_CC (V)
A6: V_CE (experimental setting) | B6: I_C (measure) ( = V_C / R_C ) | D6: V_CE (experimental setting) | E6: I_C (measure) ( = V_C / R_C ) | H6: 1
A7: =IFERROR(INDEX('實驗一 特性曲線'!$B$13:$B$43,MATCH($H$6,'實驗一 特性曲線'!$A$13:$A$43,0)),"") | B7: =IFERROR(INDEX('實驗一 特性曲線'!$D$13:$D$43,MATCH($H$6,'實驗一 特性曲線'!$A$13:$A$43,0)),"") | D7: =IFERROR(INDEX('實驗一 特性曲線'!$G$13:$G$43,MATCH($H$6,'實驗一 特性曲線'!$A$13:$A$43,0)),"") | E7: =IFERROR(INDEX('實驗一 特性曲線'!$I$13:$I$43,MATCH($H$6,'實驗一 特性曲線'!$A$13:$A$43,0)),"") | H7: 2
A8: =IFERROR(INDEX('實驗一 特性曲線'!$B$13:$B$43,MATCH($H$7,'實驗一 特性曲線'!$A$13:$A$43,0)),"") | B8: =IFERROR(INDEX('實驗一 特性曲線'!$D$13:$D$43,MATCH($H$7,'實驗一 特性曲線'!$A$13:$A$43,0)),"") | D8: =IFERROR(INDEX('實驗一 特性曲線'!$G$13:$G$43,MATCH($H$7,'實驗一 特性曲線'!$A$13:$A$43,0)),"") | E8: =IFERROR(INDEX('實驗一 特性曲線'!$I$13:$I$43,MATCH($H$7,'實驗一 特性曲線'!$A$13:$A$43,0)),"") | H8: 5
A9: =IFERROR(INDEX('實驗一 特性曲線'!$B$13:$B$43,MATCH($H$8,'實驗一 特性曲線'!$A$13:$A$43,0)),"") | B9: =IFERROR(INDEX('實驗一 特性曲線'!$D$13:$D$43,MATCH($H$8,'實驗一 特性曲線'!$A$13:$A$43,0)),"") | D9: =IFERROR(INDEX('實驗一 特性曲線'!$G$13:$G$43,MATCH($H$8,'實驗一 特性曲線'!$A$13:$A$43,0)),"") | E9: =IFERROR(INDEX('實驗一 特性曲線'!$I$13:$I$43,MATCH($H$8,'實驗一 特性曲線'!$A$13:$A$43,0)),"") | H9: 10
A10: =IFERROR(INDEX('實驗一 特性曲線'!$B$13:$B$43,MATCH($H$9,'實驗一 特性曲線'!$A$13:$A$43,0)),"") | B10: =IFERROR(INDEX('實驗一 特性曲線'!$D$13:$D$43,MATCH($H$9,'實驗一 特性曲線'!$A$13:$A$43,0)),"") | D10: =IFERROR(INDEX('實驗一 特性曲線'!$G$13:$G$43,MATCH($H$9,'實驗一 特性曲線'!$A$13:$A$43,0)),"") | E10: =IFERROR(INDEX('實驗一 特性曲線'!$I$13:$I$43,MATCH($H$9,'實驗一 特性曲線'!$A$13:$A$43,0)),"") | H10: 15
A11: =IFERROR(INDEX('實驗一 特性曲線'!$B$13:$B$43,MATCH($H$10,'實驗一 特性曲線'!$A$13:$A$43,0)),"") | B11: =IFERROR(INDEX('實驗一 特性曲線'!$D$13:$D$43,MATCH($H$10,'實驗一 特性曲線'!$A$13:$A$43,0)),"") | D11: =IFERROR(INDEX('實驗一 特性曲線'!$G$13:$G$43,MATCH($H$10,'實驗一 特性曲線'!$A$13:$A$43,0)),"") | E11: =IFERROR(INDEX('實驗一 特性曲線'!$I$13:$I$43,MATCH($H$10,'實驗一 特性曲線'!$A$13:$A$43,0)),"") | H11: ↑ 想換成別的 V_CC 就改這五格
A14: ="V_BB = 2.2 V 、 V_BE = "&IF('實驗一 特性曲線'!O$11="","____",TEXT('實驗一 特性曲線'!O$11,"0.000"))&" V 、 "&IF('實驗一 特性曲線'!P$11="","ON/OFF",'實驗一 特性曲線'!P$11) | D14: ="V_BB = 2.4 V 、 V_BE = "&IF('實驗一 特性曲線'!T$11="","____",TEXT('實驗一 特性曲線'!T$11,"0.000"))&" V 、 "&IF('實驗一 特性曲線'!U$11="","ON/OFF",'實驗一 特性曲線'!U$11)
A15: V_CE (experimental setting) | B15: I_C (measure) ( = V_C / R_C ) | D15: V_CE (experimental setting) | E15: I_C (measure) ( = V_C / R_C )
A16: =IFERROR(INDEX('實驗一 特性曲線'!$L$13:$L$43,MATCH($H$6,'實驗一 特性曲線'!$A$13:$A$43,0)),"") | B16: =IFERROR(INDEX('實驗一 特性曲線'!$N$13:$N$43,MATCH($H$6,'實驗一 特性曲線'!$A$13:$A$43,0)),"") | D16: =IFERROR(INDEX('實驗一 特性曲線'!$Q$13:$Q$43,MATCH($H$6,'實驗一 特性曲線'!$A$13:$A$43,0)),"") | E16: =IFERROR(INDEX('實驗一 特性曲線'!$S$13:$S$43,MATCH($H$6,'實驗一 特性曲線'!$A$13:$A$43,0)),"")
A17: =IFERROR(INDEX('實驗一 特性曲線'!$L$13:$L$43,MATCH($H$7,'實驗一 特性曲線'!$A$13:$A$43,0)),"") | B17: =IFERROR(INDEX('實驗一 特性曲線'!$N$13:$N$43,MATCH($H$7,'實驗一 特性曲線'!$A$13:$A$43,0)),"") | D17: =IFERROR(INDEX('實驗一 特性曲線'!$Q$13:$Q$43,MATCH($H$7,'實驗一 特性曲線'!$A$13:$A$43,0)),"") | E17: =IFERROR(INDEX('實驗一 特性曲線'!$S$13:$S$43,MATCH($H$7,'實驗一 特性曲線'!$A$13:$A$43,0)),"")
A18: =IFERROR(INDEX('實驗一 特性曲線'!$L$13:$L$43,MATCH($H$8,'實驗一 特性曲線'!$A$13:$A$43,0)),"") | B18: =IFERROR(INDEX('實驗一 特性曲線'!$N$13:$N$43,MATCH($H$8,'實驗一 特性曲線'!$A$13:$A$43,0)),"") | D18: =IFERROR(INDEX('實驗一 特性曲線'!$Q$13:$Q$43,MATCH($H$8,'實驗一 特性曲線'!$A$13:$A$43,0)),"") | E18: =IFERROR(INDEX('實驗一 特性曲線'!$S$13:$S$43,MATCH($H$8,'實驗一 特性曲線'!$A$13:$A$43,0)),"")
A19: =IFERROR(INDEX('實驗一 特性曲線'!$L$13:$L$43,MATCH($H$9,'實驗一 特性曲線'!$A$13:$A$43,0)),"") | B19: =IFERROR(INDEX('實驗一 特性曲線'!$N$13:$N$43,MATCH($H$9,'實驗一 特性曲線'!$A$13:$A$43,0)),"") | D19: =IFERROR(INDEX('實驗一 特性曲線'!$Q$13:$Q$43,MATCH($H$9,'實驗一 特性曲線'!$A$13:$A$43,0)),"") | E19: =IFERROR(INDEX('實驗一 特性曲線'!$S$13:$S$43,MATCH($H$9,'實驗一 特性曲線'!$A$13:$A$43,0)),"")
A20: =IFERROR(INDEX('實驗一 特性曲線'!$L$13:$L$43,MATCH($H$10,'實驗一 特性曲線'!$A$13:$A$43,0)),"") | B20: =IFERROR(INDEX('實驗一 特性曲線'!$N$13:$N$43,MATCH($H$10,'實驗一 特性曲線'!$A$13:$A$43,0)),"") | D20: =IFERROR(INDEX('實驗一 特性曲線'!$Q$13:$Q$43,MATCH($H$10,'實驗一 特性曲線'!$A$13:$A$43,0)),"") | E20: =IFERROR(INDEX('實驗一 特性曲線'!$S$13:$S$43,MATCH($H$10,'實驗一 特性曲線'!$A$13:$A$43,0)),"")
A23: I_C 的單位是 mA（講義表頭寫 A，抄進報告時記得換算或標註單位）。
A24: 區塊標題的 V_BE 與 ON/OFF 會跟著「實驗一 特性曲線」各組標題列的黃格自動帶過來。

Sheet 實驗二 beta
A1: 實驗二：電流增益 β 的量測（Table 2）
A2: 講義第 9–10 頁：V_BB = V_CC = 15 V，量 R1／R2 壓降求 I_B（KCL），量 R_C 壓降求 I_C
A4: 電阻值 (Ω) | B4: R1 | C4: 10000 | D4: R2 | E4: 4700 | F4: R_C | G4: 1000
A6: 量測項目 | B6: 實測 | C6: 單位 | D6: 算式 | E6: LTspice 預報 | F6: 差異 (%) | G6: 備註
A7: R1 兩端壓降 V_R1 | C7: V | E7: 14.251 | F7: =IF(OR(B7="",E7="",E7=0),"",(B7-E7)/E7) | G7: 量 V_BB 對基極
A8: R2 兩端壓降 V_R2 | C8: V | E8: 0.749 | F8: =IF(OR(B8="",E8="",E8=0),"",(B8-E8)/E8) | G8: 等於 V_BE（R2 與 B-E 並聯）
A9: R_C 兩端壓降 V_RC | C9: V | E9: 14.946 | F9: =IF(OR(B9="",E9="",E9=0),"",(B9-E9)/E9) | G9: 量 V_CC 對集極
A10: V_CE | C10: V | E10: 0.054 | F10: =IF(OR(B10="",E10="",E10=0),"",(B10-E10)/E10) | G10: 集極對射極；深度飽和時只剩幾十 mV
A11: I_R1 = V_R1 / R1 | B11: =IF(B7="","",B7/$C$4*1000) | C11: mA | D11: =IF(B7="","",B7/$C$4*1000) | E11: 1.425 | F11: =IF(OR(B11="",E11="",E11=0),"",(B11-E11)/E11) | G11: 流進基極節點的總電流
A12: I_R2 = V_R2 / R2 | B12: =IF(B8="","",B8/$E$4*1000) | C12: mA | D12: =IF(B8="","",B8/$E$4*1000) | E12: 0.159 | F12: =IF(OR(B12="",E12="",E12=0),"",(B12-E12)/E12) | G12: 被 R2 分掉、沒進基極的那一份
A13: I_B = I_R1 − I_R2 | B13: =IF(OR(B7="",B8=""),"",B11-B12) | C13: mA | D13: =IF(OR(B7="",B8=""),"",B11-B12) | E13: 1.266 | F13: =IF(OR(B13="",E13="",E13=0),"",(B13-E13)/E13) | G13: KCL：講義第 9 頁第 3 步
A14: I_C = V_RC / R_C | B14: =IF(B9="","",B9/$G$4*1000) | C14: mA | D14: =IF(B9="","",B9/$G$4*1000) | E14: 14.946 | F14: =IF(OR(B14="",E14="",E14=0),"",(B14-E14)/E14) | G14: 不必串電流表就能得到
A15: β_calculate = I_C / I_B | B15: =IF(OR(B13="",B13=0,B14=""),"",B14/B13) | C15: — | D15: =IF(OR(B13="",B13=0,B14=""),"",B14/B13) | E15: 11.81 | F15: =IF(OR(B15="",E15="",E15=0),"",(B15-E15)/E15) | G15: 這是「強迫 β」，飽和時遠小於真正的 β
A16: β_measure（三用電表 hFE 檔） | C16: — | F16: =IF(OR(B16="",E16="",E16=0),"",(B16-E16)/E16) | G16: 把電晶體拔下來插 hFE 座；這才是主動區的 β
A18: β_calculate 與 β_measure 差很多是正常的，原因就是講義問題 1 的答案：這個偏壓把電晶體推進飽和區，I_C 被 R_C 限制住，不再等於 β × I_B。
A20: 當天拍照檢查表（離開實驗室前逐項打勾）
A21: 要留的證據 | B21: 打勾 | C21: 備註
A22: Table 2 五個量都填完 | C22: V_R1、V_R2、V_RC、V_CE、β_measure
A23: 電晶體 hFE 讀值照片 1 張 | C23: 拔下來插 hFE 座量到的 β，結報要對照
A24: 飽和的證據 1 張 | C24: V_CE 只剩幾十 mV 的電表畫面

Sheet 第二部分 CE 放大器
A1: 第二部分：共射放大器的電壓增益（Common Emitter Amplifier）
A2: 講義第 16–22 頁：V_CC 12 V、輸入 10 kHz／100 mVpp，量直流工作點與四種組合的增益
A4: 一、直流工作點（訊號源先關掉，用三用電表量）
A5: 節點 | B5: 實測 (V) | C5: LTspice R_C1 = 100 Ω | D5: LTspice R_C1 = 1 kΩ | E5: 差異 (%) | F5: 備註
A6: V_B（基極對地） | C6: 5.876 | D6: 5.87 | E6: =IF(OR(B6="",C6=0),"",(B6-C6)/C6) | F6: 分壓器給的 6 V 附近
A7: V_E（射極對地） | C7: 5.178 | D7: 5.171 | E7: =IF(OR(B7="",C7=0),"",(B7-C7)/C7) | F7: 約 V_B − 0.7
A8: V_C（集極對地） | C8: 11.485 | D8: 6.854 | E8: =IF(OR(B8="",C8=0),"",(B8-C8)/C8) | F8: R_C1 越大這裡越低
A9: V_CE = V_C − V_E | C9: 6.306 | D9: 1.683 | E9: =IF(OR(B9="",C9=0),"",(B9-C9)/C9) | F9: 小於 1 V 就代表快飽和，訊號會削波
A10: I_C = (V_CC − V_C) / R_C1 | B10: =IF(B8="","",(12-B8)/100*1000) | C10: 5.153 | D10: 5.146 | F10: 單位 mA；式子裡的 100 要跟著實際用的 R_C1 改
A12: 二、電壓增益（示波器雙通道：CH1 接 V_s、CH2 接 V_out）
A13: 組合 | B13: 實測 V_s (mVpp) | C13: 實測 V_out (mVpp) | D13: |A_v| = V_out / V_s | E13: LTspice |A_v| | F13: 差異 (%) | G13: 波形有沒有削平／反相？
A14: RC1 100 Ω、有 C3 | D14: =IF(OR(B14="",B14=0,C14=""),"",C14/B14) | E14: 5.54 | F14: =IF(OR(D14="",E14=0),"",(D14-E14)/E14)
A15: RC1 1 kΩ、有 C3 | D15: =IF(OR(B15="",B15=0,C15=""),"",C15/B15) | E15: 41.13 | F15: =IF(OR(D15="",E15=0),"",(D15-E15)/E15)
A16: RC1 100 Ω、無 C3 | D16: =IF(OR(B16="",B16=0,C16=""),"",C16/B16) | E16: 0.1 | F16: =IF(OR(D16="",E16=0),"",(D16-E16)/E16)
A17: RC1 1 kΩ、無 C3 | D17: =IF(OR(B17="",B17=0,C17=""),"",C17/B17) | E17: 0.88 | F17: =IF(OR(D17="",E17=0),"",(D17-E17)/E17)
A18: 四種組合都量，講義問題 1（拿掉 C3）與問題 3（R_C1 換 1 kΩ）的答案就直接讀得出來。R_C1 = 1 kΩ 那兩列特別注意輸出有沒有一邊被削平。
A20: 三、Bonus：把增益設計成 A_v = 20（LTspice 驗證 20.1）
A21: 元件 | B21: 定案值 | C21: 為什麼 | D21: 實測 (V 或 mVpp) | E21: LTspice
A22: R_C1 | B22: 620 Ω | C22: 增益正比於集極端總電阻；620 Ω 剛好把 |A_v| 拉到 20
A23: R_E1a（不旁路） | B23: 22 Ω | C23: 留一小段不被旁路，增益改由電阻比決定，對 β 與溫度不敏感
A24: R_E1b（被旁路） | B24: 1 kΩ | C24: 直流偏壓照舊由它決定，工作點不動
A25: C3 | B25: 100 µF | C25: 10 kHz 時容抗 0.16 Ω，遠小於 R_E1a，才算真的旁路掉
A26: C1、C2 | B26: 1 µF | C26: 耦合電容維持講義原值即可，截止頻率遠低於 10 kHz
A27: V_B / V_E / V_C | B27: — | C27: 工作點 | E27: 5.88 / 5.18 / 8.87 V
A28: 實測 |A_v| | B28: — | C28: 目標 20，±10% 以內都算達標 | E28: 20.13
A29: 只把 C3 加大是不夠的：R_C1 = 100 Ω 時無論 C3 多大，|A_v| 最多只到 16.6。詳見筆記「Bonus：把增益設計成 20」一節。
A31: 當天拍照檢查表（離開實驗室前逐項打勾）
A32: 要留的證據 | B32: 打勾 | C32: 備註
A33: 示波器雙軌畫面 4 張 | C33: 四種組合各一張，CH1／CH2 同時入鏡才看得出反相
A34: 削波的那張要放大 | C34: R_C1 = 1 kΩ 的輸出，削平的一邊要看得清楚
A35: 直流工作點電表照片 1 張 | C35: V_B、V_E、V_C 三個讀值
A36: Bonus 電路的接線照與波形各 1 張 | C36: 元件值改了要拍，結報要對照
